INSERT INTO `departments` (`dept_no`, `dept_name`) VALUES
('d009', 'Customer Service'),
('d005', 'Development'),
('d002', 'Finance'),
('d003', 'Human Resources'),
('d001', 'Marketing'),
('d004', 'Production'),
('d006', 'Quality Management'),
('d008', 'Research'),
('d007', 'Sales');

INSERT INTO `employees` (`emp_no`, `birth_date`, `first_name`, `last_name`, `gender`, `hire_date`) VALUES
(10001, '1953-09-02', 'Géorgi', 'Facello', 'M', '1986-06-26'),
(10002, '1964-06-02', 'Bezalel', 'Simmel', 'F', '1985-11-21'),
(10003, '1959-12-03', 'Parto', 'Bamford', 'M', '1986-08-28'),
(10004, '1954-05-01', 'Chirstian', 'Koblick', 'M', '1986-12-01'),
(10005, '1955-01-21', 'Kyoichi', 'Maliniak', 'M', '1989-09-12'),
(10006, '1953-04-20', 'Anneke', 'Preusig', 'F', '1989-06-02'),
(10007, '1957-05-23', 'Tzvetan', 'Zielinski', 'F', '1989-02-10');

INSERT INTO `dept_emp` (`emp_no`, `dept_no`, `from_date`, `to_date`) VALUES
(10001, 'd005', '1986-06-26', '9999-01-01'),
(10002, 'd007', '1996-08-03', '9999-01-01'),
(10003, 'd004', '1995-12-03', '9999-01-01'),
(10004, 'd004', '1986-12-01', '9999-01-01'),
(10005, 'd003', '1989-09-12', '9999-01-01'),
(10006, 'd005', '1990-08-05', '1992-01-01'),
(10007, 'd008', '1989-02-10', '9999-01-01');

INSERT INTO `dept_manager` (`dept_no`, `emp_no`, `from_date`, `to_date`) VALUES
('d005', 10006, '1992-01-01', '9999-01-01'),
('d002', 10007, '1991-10-01', '9999-01-01');

INSERT INTO `salaries` (`emp_no`, `salary`, `from_date`, `to_date`) VALUES
(10001, 60117, '1986-06-26', '1987-06-26'),
(10002, 62102, '1987-06-26', '1988-06-25'),
(10003, 60074, '1988-06-25', '1989-06-25'),
(10004, 66596, '1989-06-25', '1990-06-25'),
(10005, 66961, '1990-06-25', '1991-06-25'),
(10005, 71046, '1991-06-25', '1992-06-24'),
(10006, 74333, '1992-06-24', '1993-06-24'),
(10007, 75286, '1993-06-24', '1994-06-24');

INSERT INTO `titles` (`emp_no`, `title`, `from_date`, `to_date`) VALUES
(10001, 'Senior Engineer', '1986-06-26', '9999-01-01'),
(10002, 'Staff', '1996-08-03', '9999-01-01'),
(10003, 'Senior Engineer', '1995-12-03', '9999-01-01'),
(10004, 'Engineer', '1986-12-01', '1995-12-01'),
(10004, 'Senior Engineer', '1995-12-01', '9999-01-01'),
(10005, 'Senior Staff', '1996-09-12', '9999-01-01'),
(10005, 'Staff', '1989-09-12', '1996-09-12'),
(10006, 'Senior Engineer', '1990-08-05', '9999-01-01'),
(10007, 'Senior Staff', '1996-02-11', '9999-01-01');